{"camera1": {"position": [1532.0399, 3644.085, 966.14], "orientation": [0, 0, -0.70710678, 0.70710678]}, "camera2": {"position": [1530.492, 3653.791, 272.487], "orientation": [0, 0, -0.70643377, 0.70643377]}, "camera3": {"position": [-1736.796, 6.2969, 946.585], "orientation": [-0.5, 0.5, -0.5, 0.5]}, "camera4": {"position": [-1737.692, -72.243, 271.323], "orientation": [-0.5, 0.5, -0.5, 0.5]}}